{"cameraMode":{"drawMode":0,"name":"Shaded","section":"Shading Mode"},"sceneLighting":true,"audioPlay":false,"sceneViewState":{"showFog":false,"showMaterialUpdate":false,"showSkybox":false,"showFlares":false,"showImageEffects":false,"showParticleSystems":false},"in2DMode":false,"pivot":{"x":-4.435251712799072,"y":17.333555221557618,"z":-4.877812385559082},"rotation":{"x":-0.404891699552536,"y":-0.41148191690444949,"z":0.2113761156797409,"w":-0.7887702584266663},"size":20.627365112304689,"orthographic":false}